{"name":"ffe678f9-6fe6-4f13-bef1-75e9490f4f68","id":"/providers/Microsoft.Flow/flows/ffe678f9-6fe6-4f13-bef1-75e9490f4f68","type":"Microsoft.Flow/flows","properties":{"apiId":"/providers/Microsoft.PowerApps/apis/shared_logicflows","displayName":"CreateList_floormaplist","definition":{"metadata":{"workflowEntityId":null,"processAdvisorMetadata":null,"flowclientsuspensionreason":"None","flowclientsuspensiontime":null,"flowclientsuspensionreasondetails":null,"creator":{"id":"8ef215c0-ebbf-474c-a99d-b32634775a1f","type":"User","tenantId":"ac8a1c7d-f463-4ce3-9fa6-9643ab6c36bb"},"provisioningMethod":"FromDefinition","failureAlertSubscription":true,"clientLastModifiedTime":"2023-01-17T18:35:16.5131398Z"},"$schema":"https://schema.management.azure.com/providers/Microsoft.Logic/schemas/2016-06-01/workflowdefinition.json#","contentVersion":"1.0.0.0","parameters":{"$connections":{"defaultValue":{},"type":"Object"},"$authentication":{"defaultValue":{},"type":"SecureObject"},"BOLOSiteUrl (new_BOLOSiteUrl)":{"defaultValue":"https://gov210645.sharepoint.com/sites/SantaClaraPF","type":"String","metadata":{"schemaName":"new_BOLOSiteUrl","description":"Url to BOLO Site "}}},"triggers":{"manual":{"metadata":{"operationMetadataId":"14e45b1e-44f5-4e13-a47f-28dc10cdd2c7"},"type":"Request","kind":"Button","inputs":{"schema":{"type":"object","properties":{"text":{"title":"SiteUrl","type":"string","x-ms-dynamically-added":true,"description":"Please enter your input","x-ms-content-hint":"TEXT"}},"required":["text"]}}}},"actions":{"Compose":{"runAfter":{},"metadata":{"operationMetadataId":"9047a91a-d003-437c-91bc-7005e877c4ac"},"type":"Compose","inputs":{"d":{"GetSiteScriptFromList":"{\r\n  \"$schema\": \"https://developer.microsoft.com/json-schemas/sp/site-design-script-actions.schema.json\",\r\n  \"actions\": [\r\n    {\r\n      \"verb\": \"createSPList\",\r\n      \"listName\": \"floormapList\",\r\n      \"templateType\": 100,\r\n      \"color\": \"8\",\r\n      \"icon\": \"2\",\r\n      \"subactions\": [\r\n        {\r\n          \"verb\": \"addSPFieldXml\",\r\n          \"schemaXml\": \"<Field ID=\\\"{fa564e0f-0c70-4ab9-b863-0177e6ddd247}\\\" Type=\\\"Text\\\" Name=\\\"Title\\\" DisplayName=\\\"Title\\\" Required=\\\"TRUE\\\" SourceID=\\\"http://schemas.microsoft.com/sharepoint/v3\\\" StaticName=\\\"Title\\\" FromBaseType=\\\"TRUE\\\" MaxLength=\\\"255\\\" />\"\r\n        },\r\n        {\r\n          \"verb\": \"addSPFieldXml\",\r\n          \"schemaXml\": \"<Field AppendOnly=\\\"FALSE\\\" DisplayName=\\\"FloorInformation\\\" Format=\\\"Dropdown\\\" IsModern=\\\"TRUE\\\" IsolateStyles=\\\"FALSE\\\" Name=\\\"FloorInformation\\\" RichText=\\\"FALSE\\\" RichTextMode=\\\"Compatible\\\" Title=\\\"FloorInformation\\\" Type=\\\"Note\\\" ID=\\\"{b2ed55c0-4d47-4269-a40f-426cb41c52be}\\\" StaticName=\\\"FloorInformation\\\" />\"\r\n        },\r\n        {\r\n          \"verb\": \"addSPFieldXml\",\r\n          \"schemaXml\": \"<Field DisplayName=\\\"LinktoMaps\\\" Format=\\\"Dropdown\\\" IsModern=\\\"TRUE\\\" MaxLength=\\\"255\\\" Name=\\\"LinktoMaps\\\" Title=\\\"LinktoMaps\\\" Type=\\\"Text\\\" ID=\\\"{a2c244f8-f7bc-497d-a073-ef0d8a95d715}\\\" StaticName=\\\"LinktoMaps\\\" />\"\r\n        },\r\n        {\r\n          \"verb\": \"addSPFieldXml\",\r\n          \"schemaXml\": \"<Field DisplayName=\\\"Screen\\\" Format=\\\"Dropdown\\\" IsModern=\\\"TRUE\\\" MaxLength=\\\"255\\\" Name=\\\"Screen\\\" Title=\\\"Screen\\\" Type=\\\"Text\\\" ID=\\\"{d46e985b-dcbc-4818-8b3d-c2c8fe5e10a8}\\\" StaticName=\\\"Screen\\\" />\"\r\n        },\r\n        {\r\n          \"verb\": \"addSPFieldXml\",\r\n          \"schemaXml\": \"<Field ID=\\\"{82642ec8-ef9b-478f-acf9-31f7d45fbc31}\\\" ReadOnly=\\\"TRUE\\\" Type=\\\"Computed\\\" Name=\\\"LinkTitle\\\" DisplayName=\\\"Title\\\" DisplayNameSrcField=\\\"Title\\\" ClassInfo=\\\"Menu\\\" AuthoringInfo=\\\"(linked to item with edit menu)\\\" ListItemMenuAllowed=\\\"Required\\\" LinkToItemAllowed=\\\"Prohibited\\\" SourceID=\\\"http://schemas.microsoft.com/sharepoint/v3\\\" StaticName=\\\"LinkTitle\\\" FromBaseType=\\\"TRUE\\\"><FieldRefs><FieldRef Name=\\\"Title\\\" /><FieldRef Name=\\\"LinkTitleNoMenu\\\" /><FieldRef Name=\\\"_EditMenuTableStart2\\\" /><FieldRef Name=\\\"_EditMenuTableEnd\\\" /></FieldRefs><DisplayPattern><FieldSwitch><Expr><GetVar Name=\\\"FreeForm\\\" /></Expr><Case Value=\\\"TRUE\\\"><Field Name=\\\"LinkTitleNoMenu\\\" /></Case><Default><HTML><![CDATA[<div class=\\\"ms-vb itx\\\" onmouseover=\\\"OnItem(this)\\\" CTXName=\\\"ctx]]></HTML><Field Name=\\\"_EditMenuTableStart2\\\" /><HTML><![CDATA[\\\">]]></HTML><Field Name=\\\"LinkTitleNoMenu\\\" /><HTML><![CDATA[</div>]]></HTML><HTML><![CDATA[<div class=\\\"s4-ctx\\\" onmouseover=\\\"OnChildItem(this.parentNode); return false;\\\">]]></HTML><HTML><![CDATA[<span>&nbsp;</span>]]></HTML><HTML><![CDATA[<a onfocus=\\\"OnChildItem(this.parentNode.parentNode); return false;\\\" onclick=\\\"PopMenuFromChevron(event); return false;\\\" href=\\\"javascript:;\\\" title=\\\"Open Menu\\\"></a>]]></HTML><HTML><![CDATA[<span>&nbsp;</span>]]></HTML><HTML><![CDATA[</div>]]></HTML></Default></FieldSwitch></DisplayPattern></Field>\"\r\n        },\r\n        {\r\n          \"verb\": \"addContentType\",\r\n          \"name\": \"Item\",\r\n          \"id\": \"0x01\",\r\n          \"fieldRefsXml\": [\r\n            \"<FieldRef ID=\\\"{fa564e0f-0c70-4ab9-b863-0177e6ddd247}\\\" Name=\\\"Title\\\" />\",\r\n            \"<FieldRef ID=\\\"{82642ec8-ef9b-478f-acf9-31f7d45fbc31}\\\" Name=\\\"LinkTitle\\\" DisplayName=\\\"Title\\\" ReadOnly=\\\"TRUE\\\" />\",\r\n            \"<FieldRef ID=\\\"{b2ed55c0-4d47-4269-a40f-426cb41c52be}\\\" Name=\\\"FloorInformation\\\" />\",\r\n            \"<FieldRef ID=\\\"{a2c244f8-f7bc-497d-a073-ef0d8a95d715}\\\" Name=\\\"LinktoMaps\\\" />\",\r\n            \"<FieldRef ID=\\\"{d46e985b-dcbc-4818-8b3d-c2c8fe5e10a8}\\\" Name=\\\"Screen\\\" />\"\r\n          ]\r\n        },\r\n        {\r\n          \"verb\": \"addContentType\",\r\n          \"name\": \"Folder\",\r\n          \"id\": \"0x0120\"\r\n        },\r\n        {\r\n          \"verb\": \"addSPView\",\r\n          \"name\": \"All Items\",\r\n          \"viewFields\": [\r\n            \"LinkTitle\",\r\n            \"FloorInformation\",\r\n            \"LinktoMaps\",\r\n            \"Screen\"\r\n          ],\r\n          \"query\": \"\",\r\n          \"rowLimit\": 30,\r\n          \"isPaged\": true,\r\n          \"makeDefault\": true,\r\n          \"formatterJSON\": \"\",\r\n          \"replaceViewFields\": true\r\n        }\r\n      ]\r\n    }\r\n  ]\r\n}"}}},"Parse_JSON":{"runAfter":{"Compose":["Succeeded"]},"metadata":{"operationMetadataId":"454e3961-66d8-463f-b632-d23e03b19e8d"},"type":"ParseJson","inputs":{"content":"@outputs('Compose')?['d']?['GetSiteScriptFromList']","schema":{"type":"object","properties":{"d":{"type":"object","properties":{"GetSiteScriptFromList":{"type":"string"}}}}}}},"Send_an_HTTP_request_to_SharePoint":{"runAfter":{"Parse_JSON":["Succeeded"]},"metadata":{"operationMetadataId":"f4d4a863-ba89-4d61-aadc-fd7ad710daf9"},"type":"OpenApiConnection","inputs":{"host":{"apiId":"/providers/Microsoft.PowerApps/apis/shared_sharepointonline","connectionName":"shared_sharepointonline","operationId":"HttpRequest"},"parameters":{"dataset":"@triggerBody()['text']","parameters/method":"POST","parameters/uri":"_api/Microsoft.Sharepoint.Utilities.WebTemplateExtensions.SiteScriptUtility.ExecuteTemplateScript()","parameters/headers":{"accept":"application/json;odata=verbose","content-type":"application/json;odata=verbose"},"parameters/body":"{\"script\": \"{\\\"actions\\\":@{replace(replace(string(body('Parse_JSON')?['actions']),'\\','\\\\'),'\"','\\\"')}}\"}"},"authentication":"@parameters('$authentication')"}}}},"connectionReferences":{"shared_sharepointonline":{"connectionName":"shared-sharepointonl-56492db8-abda-4f45-8d97-de3b-62bcbd4f","source":"Embedded","id":"/providers/Microsoft.PowerApps/apis/shared_sharepointonline","tier":"NotSpecified"}},"flowFailureAlertSubscribed":false,"isManaged":false}}