{"name":"61ce76af-58f6-52f2-9ab1-85153666f9bb","id":"/providers/Microsoft.Flow/flows/61ce76af-58f6-52f2-9ab1-85153666f9bb","type":"Microsoft.Flow/flows","properties":{"apiId":"/providers/Microsoft.PowerApps/apis/shared_logicflows","displayName":"DeskSwap","definition":{"metadata":{"workflowEntityId":"5652ca5b-a2c1-ec11-983e-001dd80233be","processAdvisorMetadata":null,"flowclientsuspensionreason":"None","flowclientsuspensiontime":null,"creator":{"id":"8ef215c0-ebbf-474c-a99d-b32634775a1f","type":"User","tenantId":"ac8a1c7d-f463-4ce3-9fa6-9643ab6c36bb"},"provisioningMethod":"FromDefinition","failureAlertSubscription":true,"clientLastModifiedTime":"2022-04-21T22:04:30.3411874Z"},"$schema":"https://schema.management.azure.com/providers/Microsoft.Logic/schemas/2016-06-01/workflowdefinition.json#","contentVersion":"1.0.0.0","parameters":{"$connections":{"defaultValue":{},"type":"Object"},"$authentication":{"defaultValue":{},"type":"SecureObject"}},"triggers":{"manual":{"metadata":{"operationMetadataId":"7473d05b-620e-486e-b52e-725020268123"},"type":"Request","kind":"PowerAppV2","inputs":{"schema":{"type":"object","properties":{"text":{"title":"ReserveBy","type":"string","x-ms-dynamically-added":true,"description":"Please enter your input","x-ms-content-hint":"TEXT"},"text_1":{"title":"DeskNumber","type":"string","x-ms-dynamically-added":true,"description":"Please enter your input","x-ms-content-hint":"TEXT"},"date":{"title":"CheckedOutFrom","type":"string","format":"date","x-ms-dynamically-added":true,"description":"Please enter or select a date (YYYY-MM-DD)","x-ms-content-hint":"DATE"},"date_1":{"title":"CheckedOutTo","type":"string","format":"date","x-ms-dynamically-added":true,"description":"Please enter or select a date (YYYY-MM-DD)","x-ms-content-hint":"DATE"},"text_2":{"title":"RecordID","type":"string","x-ms-dynamically-added":true,"description":"Please enter your input","x-ms-content-hint":"TEXT"},"text_3":{"title":"SwapRequestBy","type":"string","x-ms-dynamically-added":true,"description":"Please enter your input","x-ms-content-hint":"TEXT"},"text_4":{"title":"SwapDeskNumber","type":"string","x-ms-dynamically-added":true,"description":"Please enter your input","x-ms-content-hint":"TEXT"},"text_5":{"title":"SiteUrl","type":"string","x-ms-dynamically-added":true,"description":"Please enter your input","x-ms-content-hint":"TEXT"},"text_6":{"title":"List","type":"string","x-ms-dynamically-added":true,"description":"Please enter your input","x-ms-content-hint":"TEXT"}},"required":["text","text_1","date","date_1","text_2","text_3","text_4","text_5","text_6"]}}}},"actions":{"Start_and_wait_for_an_approval":{"runAfter":{},"metadata":{"operationMetadataId":"e6c45eeb-fb40-4d98-8cdd-0f3de73cd886"},"type":"OpenApiConnectionWebhook","inputs":{"host":{"apiId":"/providers/Microsoft.PowerApps/apis/shared_approvals","connectionName":"shared_approvals","operationId":"StartAndWaitForAnApproval"},"parameters":{"approvalType":"BasicAwaitAll","WebhookApprovalCreationInput/title":"@{triggerBody()['text_3']}has request a swap for @{triggerBody()['text_4']}","WebhookApprovalCreationInput/assignedTo":"admin@GOV210645.OnMicrosoft.com;","WebhookApprovalCreationInput/details":"@{triggerBody()['text_3']} has request a Desk Swap for the following period:@{triggerBody()['date']} to @{triggerBody()['date_1']}\n\nPlease Approve or Reject","WebhookApprovalCreationInput/enableNotifications":true,"WebhookApprovalCreationInput/enableReassignment":true},"authentication":{"value":"@json(decodeBase64(triggerOutputs().headers['X-MS-APIM-Tokens']))['$ConnectionKey']","type":"Raw"}}},"Condition":{"actions":{"Update_item":{"runAfter":{},"metadata":{"operationMetadataId":"1e2d9db8-2a3c-4bc6-b8d0-3eb78f62a37b"},"type":"OpenApiConnection","inputs":{"host":{"apiId":"/providers/Microsoft.PowerApps/apis/shared_sharepointonline","connectionName":"shared_sharepointonline","operationId":"PatchItem"},"parameters":{"dataset":"@triggerBody()['text_5']","table":"@triggerBody()['text_6']","id":"@triggerBody()['text_2']","item":"@triggerBody()['text_2']"},"authentication":{"value":"@json(decodeBase64(triggerOutputs().headers['X-MS-APIM-Tokens']))['$ConnectionKey']","type":"Raw"}}},"Send_an_email_notification_(V3)_2":{"runAfter":{"Update_item":["Succeeded"]},"metadata":{"operationMetadataId":"9ecdbda8-f10f-4902-932d-4206d2e3b2b3"},"type":"OpenApiConnection","inputs":{"host":{"apiId":"/providers/Microsoft.PowerApps/apis/shared_sendmail","connectionName":"shared_sendmail","operationId":"SendEmailV3"},"parameters":{"request/to":"@{triggerBody()['text_3']};","request/subject":"Approved","request/text":"<p>Approved</p>"},"authentication":{"value":"@json(decodeBase64(triggerOutputs().headers['X-MS-APIM-Tokens']))['$ConnectionKey']","type":"Raw"}}}},"runAfter":{"Start_and_wait_for_an_approval":["Succeeded"]},"else":{"actions":{"Send_an_email_notification_(V3)":{"runAfter":{},"metadata":{"operationMetadataId":"59e3257e-57d6-42da-a8d2-540eaf11cea8"},"type":"OpenApiConnection","inputs":{"host":{"apiId":"/providers/Microsoft.PowerApps/apis/shared_sendmail","connectionName":"shared_sendmail","operationId":"SendEmailV3"},"parameters":{"request/to":"@{triggerBody()['text_3']};","request/subject":"Rejected","request/text":"<p>Rejected</p>"},"authentication":{"value":"@json(decodeBase64(triggerOutputs().headers['X-MS-APIM-Tokens']))['$ConnectionKey']","type":"Raw"}}}}},"expression":{"equals":["@outputs('Start_and_wait_for_an_approval')?['body/outcome']","Approve"]},"metadata":{"operationMetadataId":"3cc1a981-861c-4ac2-a074-cd302d29c376"},"type":"If"}},"outputs":{}},"connectionReferences":{"shared_approvals":{"connectionName":"shared-approvals-2beb918d-6c11-4ac2-b638-cecfeb3af2ae","source":"Invoker","id":"/providers/Microsoft.PowerApps/apis/shared_approvals","tier":"NotSpecified"},"shared_sharepointonline":{"connectionName":"shared-sharepointonl-83f82622-20f6-42ed-a559-9b1d-74e097ca","source":"Invoker","id":"/providers/Microsoft.PowerApps/apis/shared_sharepointonline","tier":"NotSpecified"},"shared_sendmail":{"connectionName":"shared-sendmail-514deac0-3b22-45ed-9983-393555ac7fb4","source":"Invoker","id":"/providers/Microsoft.PowerApps/apis/shared_sendmail","tier":"NotSpecified"}},"flowFailureAlertSubscribed":false,"isManaged":false}}