{"schemaVersion":"1.0","appDefinitionTemplate":{"id":"/providers/Microsoft.PowerApps/apps/","type":"Microsoft.PowerApps/apps","tags":{"primaryDeviceWidth":"1366","primaryDeviceHeight":"768","sienaVersion":"20221202T153014Z-3.22105.21.0","deviceCapabilities":"","supportsPortrait":"true","supportsLandscape":"true","primaryFormFactor":"Tablet","publisherVersion":"3.22105.21","minimumRequiredApiVersion":"2.2.0","hasComponent":"false","hasUnlockedComponent":"false","isUnifiedRootApp":"false"},"properties":{"appVersion":"2022-12-02T15:30:14Z","lifeCycleId":"Published","createdByClientVersion":{"major":3,"minor":22105,"build":21,"revision":0,"majorRevision":0,"minorRevision":0},"minClientVersion":{"major":3,"minor":22105,"build":21,"revision":0,"majorRevision":0,"minorRevision":0},"backgroundColor":"rgba(255, 255, 255, 1)","backgroundImageUri":"/8631644717205054605/Nf41ed643-6c37-45c7-b488-328bed7c2482-logoSmallFile","displayName":"Hoteling App v2","description":"Hoteling App","commitMessage":"","appUris":{"documentUri":{"value":"/8631644717205054605/N813641ae-c687-4a2a-980b-23087f931bab-document.msapp"},"imageUris":[],"additionalUris":[]},"createdTime":"0001-01-01T00:00:00Z","lastModifiedTime":"0001-01-01T00:00:00Z","sharedGroupsCount":0,"sharedUsersCount":0,"icons":{"smallIconUri":"/8631644717205054605/Nf505f1cd-25fe-42c4-90d1-76a44509ff8a-small.png","mediumIconUri":"/8631644717205054605/N31093f4d-47f6-486f-8f8c-b50fc2e6cdca-medium.png","largeIconUri":"/8631644717205054605/N6f5ab1e8-1af6-43eb-8b14-1019b0700fc0-large.png","wideIconUri":"/8631644717205054605/Ne2a6d28e-f99b-4acc-9b2e-1ae7fd7dfa91-wide.png"},"connectionReferences":{"fc8746ad-0f36-4fc1-b890-01e399b5cd05":{"id":"c282ecf1-1578-4b49-9e7a-69286c230a50","displayName":"SharePoint","iconUri":"https://connectoricons-prod.azureedge.net/releases/v1.0.1610-greyhound-localization-RelayFix/1.0.1610.3091/sharepointonline/icon.png","dataSources":["deskList","reservationList","floormapList"],"dependencies":[],"dependents":[],"parameterHints":{},"parameterHintsV2":{},"isOnPremiseConnection":false,"bypassConsent":false,"dataSets":{"https://gov210645.sharepoint.com/sites/PowerPlatformDemoSite":{"dataSources":{"deskList":{"tableName":"a72af1fb-6a86-4af7-ba95-f32e4f8862f4"},"reservationList":{"tableName":"434b5e21-285e-41ed-bcb1-51231da447fd"},"floormapList":{"tableName":"15f6b5e8-c4e5-4325-ae13-c3b988abc98d"}}}},"apiTier":"Standard","isCustomApiConnection":false,"actions":["providers/PowerPlatform.Governance/Operations/Read"]},"793b162c-06c7-46f7-9b60-f095df56c123":{"id":"5a3e01de-1cf9-4c37-9155-61fb64267ce0","displayName":"Office 365 Outlook","iconUri":"https://connectoricons-prod.azureedge.net/releases/v1.0.1599/1.0.1599.3017/office365/icon.png","dataSources":["Office365Outlook"],"dependencies":[],"dependents":[],"parameterHints":{},"parameterHintsV2":{},"isOnPremiseConnection":false,"bypassConsent":false,"dataSets":{},"apiTier":"Standard","isCustomApiConnection":false},"d0e3bb83-a108-4093-bbf5-393e43e5f84b":{"id":"5edd7c09-038c-4b27-ad83-fc3df1c9f91a","displayName":"Office 365 Users","iconUri":"https://connectoricons-prod.azureedge.net/releases/v1.0.1593/1.0.1593.2980/office365users/icon.png","dataSources":["Office365Users"],"dependencies":[],"dependents":[],"parameterHints":{},"parameterHintsV2":{},"isOnPremiseConnection":false,"bypassConsent":false,"dataSets":{},"apiTier":"Standard","isCustomApiConnection":false},"0423b571-6f48-4d03-9505-9c8fd0942df2":{"id":"0797ffbe-b67f-4599-8e70-b9ab2c67d767","displayName":"Office 365 Groups","iconUri":"https://connectoricons-prod.azureedge.net/u/juanq/releases/v1.0.1609-localization/1.0.1609.3085/office365groups/icon.png","dataSources":["Office365Groups"],"dependencies":[],"dependents":[],"parameterHints":{},"parameterHintsV2":{},"isOnPremiseConnection":false,"bypassConsent":false,"dataSets":{},"apiTier":"Standard","isCustomApiConnection":false},"ca01b8ee-421a-4e2a-9556-975798f37876":{"id":"b99d77cb-20e1-44f5-abf0-c6fc862ac682","displayName":"Logic flows","iconUri":"https://connectoricons-prod.azureedge.net/releases/v1.0.1534/1.0.1534.2605/logicflows/icon.png","dataSources":["DeskSwap"],"dependencies":["8cc8ff9c-5a0a-4114-9add-7769808c8ff4","8f05d4f6-6b73-48e1-b2dd-0e87f88bed9d","fc9330da-4abc-4d95-9bd2-5b1c3751c10e"],"dependents":[],"parameterHints":{"workflowName":{"value":"2010cdb3-9768-4166-b371-2526091862e8"},"workflowEntityId":{"value":"5652ca5b-a2c1-ec11-983e-001dd80233be"},"8cc8ff9c-5a0a-4114-9add-7769808c8ff4":{"value":"shared_approvals"},"8f05d4f6-6b73-48e1-b2dd-0e87f88bed9d":{"value":"shared_sharepointonline"},"fc9330da-4abc-4d95-9bd2-5b1c3751c10e":{"value":"shared_sendmail"}},"parameterHintsV2":{"workflowName":{"value":"2010cdb3-9768-4166-b371-2526091862e8"},"workflowEntityId":{"value":"5652ca5b-a2c1-ec11-983e-001dd80233be"},"shared_approvals":{"value":"8cc8ff9c-5a0a-4114-9add-7769808c8ff4"},"shared_sharepointonline":{"value":"8f05d4f6-6b73-48e1-b2dd-0e87f88bed9d"},"shared_sendmail":{"value":"fc9330da-4abc-4d95-9bd2-5b1c3751c10e"}},"isOnPremiseConnection":false,"bypassConsent":false,"dataSets":{},"apiTier":"Standard","isCustomApiConnection":false,"actions":["Run"]},"8cc8ff9c-5a0a-4114-9add-7769808c8ff4":{"id":"ee0b0d3a-a965-4a7a-b47a-be44acc874a2","displayName":"Approvals","iconUri":"https://connectoricons-prod.azureedge.net/releases/v1.0.1599/1.0.1599.3017/approvals/icon.png","dataSources":[],"dependencies":[],"dependents":["ca01b8ee-421a-4e2a-9556-975798f37876"],"parameterHints":{},"parameterHintsV2":{},"isOnPremiseConnection":false,"bypassConsent":false,"dataSets":{},"apiTier":"Standard","isCustomApiConnection":false},"8f05d4f6-6b73-48e1-b2dd-0e87f88bed9d":{"id":"c282ecf1-1578-4b49-9e7a-69286c230a50","displayName":"SharePoint","iconUri":"https://connectoricons-prod.azureedge.net/releases/v1.0.1610-greyhound-localization-RelayFix/1.0.1610.3091/sharepointonline/icon.png","dataSources":[],"dependencies":[],"dependents":["ca01b8ee-421a-4e2a-9556-975798f37876"],"parameterHints":{},"parameterHintsV2":{},"isOnPremiseConnection":false,"bypassConsent":false,"dataSets":{},"apiTier":"Standard","isCustomApiConnection":false,"actions":["providers/PowerPlatform.Governance/Operations/Read"]},"fc9330da-4abc-4d95-9bd2-5b1c3751c10e":{"id":"5c520cf2-577f-4601-a76e-a2c0d6278ded","displayName":"Mail","iconUri":"https://connectoricons-prod.azureedge.net/u/laborbol/fixes/sendmail-fix-build/1.0.1613.3110/sendmail/icon.png","dataSources":[],"dependencies":[],"dependents":["ca01b8ee-421a-4e2a-9556-975798f37876"],"parameterHints":{},"parameterHintsV2":{},"isOnPremiseConnection":false,"bypassConsent":false,"dataSets":{},"apiTier":"Standard","isCustomApiConnection":false}},"databaseReferences":{},"almMode":"Environment","performanceOptimizationEnabled":true,"canConsumeAppPass":true,"enableModernRuntimeMode":false,"executionRestrictions":{"isTeamsOnly":false,"dataLossPreventionEvaluationResult":{"status":"Compliant","lastEvaluationDate":"2022-11-14T16:03:46.7335198Z","violations":[],"violationsByPolicy":[],"violationErrorMessage":"The app uses the following connectors: shared_sharepointonline, shared_office365, shared_office365users, shared_office365groups, shared_logicflows, shared_approvals, shared_sendmail."}}},"appType":"ClassicCanvasApp","appComponents":[]}}