{"name":"bc158f34-e5b9-46f5-bdc0-d4390fb83032","id":"/providers/Microsoft.Flow/flows/bc158f34-e5b9-46f5-bdc0-d4390fb83032","type":"Microsoft.Flow/flows","properties":{"apiId":"/providers/Microsoft.PowerApps/apis/shared_logicflows","displayName":"CreateList_desklist","definition":{"metadata":{"workflowEntityId":null,"processAdvisorMetadata":null,"flowclientsuspensionreason":"None","flowclientsuspensiontime":null,"flowclientsuspensionreasondetails":null,"creator":{"id":"8ef215c0-ebbf-474c-a99d-b32634775a1f","type":"User","tenantId":"ac8a1c7d-f463-4ce3-9fa6-9643ab6c36bb"},"provisioningMethod":"FromDefinition","failureAlertSubscription":true,"clientLastModifiedTime":"2023-01-17T18:38:06.6896651Z"},"$schema":"https://schema.management.azure.com/providers/Microsoft.Logic/schemas/2016-06-01/workflowdefinition.json#","contentVersion":"1.0.0.0","parameters":{"$connections":{"defaultValue":{},"type":"Object"},"$authentication":{"defaultValue":{},"type":"SecureObject"},"BOLOSiteUrl (new_BOLOSiteUrl)":{"defaultValue":"https://gov210645.sharepoint.com/sites/SantaClaraPF","type":"String","metadata":{"schemaName":"new_BOLOSiteUrl","description":"Url to BOLO Site "}}},"triggers":{"manual":{"metadata":{"operationMetadataId":"14e45b1e-44f5-4e13-a47f-28dc10cdd2c7"},"type":"Request","kind":"Button","inputs":{"schema":{"type":"object","properties":{"text":{"title":"SiteUrl","type":"string","x-ms-dynamically-added":true,"description":"Please enter your input","x-ms-content-hint":"TEXT"}},"required":["text"]}}}},"actions":{"Compose":{"runAfter":{},"metadata":{"operationMetadataId":"9047a91a-d003-437c-91bc-7005e877c4ac"},"type":"Compose","inputs":{"d":{"GetSiteScriptFromList":"{\r\n  \"$schema\": \"https://developer.microsoft.com/json-schemas/sp/site-design-script-actions.schema.json\",\r\n  \"actions\": [\r\n    {\r\n      \"verb\": \"createSPList\",\r\n      \"listName\": \"deskList\",\r\n      \"templateType\": 100,\r\n      \"subactions\": [\r\n        {\r\n          \"verb\": \"addSPFieldXml\",\r\n          \"schemaXml\": \"<Field ID=\\\"{fa564e0f-0c70-4ab9-b863-0177e6ddd247}\\\" Type=\\\"Text\\\" Name=\\\"Title\\\" DisplayName=\\\"Title\\\" Required=\\\"TRUE\\\" SourceID=\\\"http://schemas.microsoft.com/sharepoint/v3\\\" StaticName=\\\"Title\\\" FromBaseType=\\\"TRUE\\\" ShowInNewForm=\\\"TRUE\\\" ShowInEditForm=\\\"TRUE\\\" />\"\r\n        },\r\n        {\r\n          \"verb\": \"addSPFieldXml\",\r\n          \"schemaXml\": \"<Field CustomFormatter=\\\"{&quot;elmType&quot;:&quot;div&quot;,&quot;style&quot;:{&quot;flex-wrap&quot;:&quot;wrap&quot;,&quot;display&quot;:&quot;flex&quot;},&quot;children&quot;:[{&quot;elmType&quot;:&quot;div&quot;,&quot;style&quot;:{&quot;box-sizing&quot;:&quot;border-box&quot;,&quot;padding&quot;:&quot;4px 8px 5px 8px&quot;,&quot;display&quot;:&quot;flex&quot;,&quot;border-radius&quot;:&quot;16px&quot;,&quot;height&quot;:&quot;24px&quot;,&quot;align-items&quot;:&quot;center&quot;,&quot;white-space&quot;:&quot;nowrap&quot;,&quot;overflow&quot;:&quot;hidden&quot;,&quot;margin&quot;:&quot;4px 4px 4px 4px&quot;},&quot;attributes&quot;:{&quot;class&quot;:{&quot;operator&quot;:&quot;:&quot;,&quot;operands&quot;:[{&quot;operator&quot;:&quot;==&quot;,&quot;operands&quot;:[&quot;@currentField&quot;,&quot;Floor 1&quot;]},&quot;sp-css-backgroundColor-BgCornflowerBlue&quot;,{&quot;operator&quot;:&quot;:&quot;,&quot;operands&quot;:[{&quot;operator&quot;:&quot;==&quot;,&quot;operands&quot;:[&quot;@currentField&quot;,&quot;Floor 2&quot;]},&quot;sp-css-backgroundColor-BgMintGreen&quot;,{&quot;operator&quot;:&quot;:&quot;,&quot;operands&quot;:[{&quot;operator&quot;:&quot;==&quot;,&quot;operands&quot;:[&quot;@currentField&quot;,&quot;Floor 3&quot;]},&quot;sp-css-backgroundColor-BgGold&quot;,{&quot;operator&quot;:&quot;:&quot;,&quot;operands&quot;:[{&quot;operator&quot;:&quot;==&quot;,&quot;operands&quot;:[&quot;@currentField&quot;,&quot;&quot;]},&quot;&quot;,{&quot;operator&quot;:&quot;:&quot;,&quot;operands&quot;:[{&quot;operator&quot;:&quot;==&quot;,&quot;operands&quot;:[&quot;@currentField&quot;,&quot;Floor 4&quot;]},&quot;sp-css-backgroundColor-BgCoral&quot;,{&quot;operator&quot;:&quot;:&quot;,&quot;operands&quot;:[{&quot;operator&quot;:&quot;==&quot;,&quot;operands&quot;:[&quot;@currentField&quot;,&quot;Floor 5&quot;]},&quot;sp-css-backgroundColor-BgDustRose&quot;,&quot;sp-field-borderAllRegular sp-field-borderAllSolid sp-css-borderColor-neutralSecondary&quot;]}]}]}]}]}]}},&quot;children&quot;:[{&quot;elmType&quot;:&quot;span&quot;,&quot;style&quot;:{&quot;line-height&quot;:&quot;16px&quot;,&quot;height&quot;:&quot;14px&quot;},&quot;attributes&quot;:{&quot;iconName&quot;:{&quot;operator&quot;:&quot;:&quot;,&quot;operands&quot;:[{&quot;operator&quot;:&quot;==&quot;,&quot;operands&quot;:[&quot;@currentField&quot;,&quot;Floor 1&quot;]},&quot;&quot;,{&quot;operator&quot;:&quot;:&quot;,&quot;operands&quot;:[{&quot;operator&quot;:&quot;==&quot;,&quot;operands&quot;:[&quot;@currentField&quot;,&quot;Floor 2&quot;]},&quot;&quot;,{&quot;operator&quot;:&quot;:&quot;,&quot;operands&quot;:[{&quot;operator&quot;:&quot;==&quot;,&quot;operands&quot;:[&quot;@currentField&quot;,&quot;Floor 3&quot;]},&quot;&quot;,{&quot;operator&quot;:&quot;:&quot;,&quot;operands&quot;:[{&quot;operator&quot;:&quot;==&quot;,&quot;operands&quot;:[&quot;@currentField&quot;,&quot;&quot;]},&quot;&quot;,{&quot;operator&quot;:&quot;:&quot;,&quot;operands&quot;:[{&quot;operator&quot;:&quot;==&quot;,&quot;operands&quot;:[&quot;@currentField&quot;,&quot;Floor 4&quot;]},&quot;&quot;,{&quot;operator&quot;:&quot;:&quot;,&quot;operands&quot;:[{&quot;operator&quot;:&quot;==&quot;,&quot;operands&quot;:[&quot;@currentField&quot;,&quot;Floor 5&quot;]},&quot;&quot;,&quot;&quot;]}]}]}]}]}]},&quot;class&quot;:{&quot;operator&quot;:&quot;:&quot;,&quot;operands&quot;:[{&quot;operator&quot;:&quot;==&quot;,&quot;operands&quot;:[&quot;@currentField&quot;,&quot;Floor 1&quot;]},&quot;&quot;,{&quot;operator&quot;:&quot;:&quot;,&quot;operands&quot;:[{&quot;operator&quot;:&quot;==&quot;,&quot;operands&quot;:[&quot;@currentField&quot;,&quot;Floor 2&quot;]},&quot;&quot;,{&quot;operator&quot;:&quot;:&quot;,&quot;operands&quot;:[{&quot;operator&quot;:&quot;==&quot;,&quot;operands&quot;:[&quot;@currentField&quot;,&quot;Floor 3&quot;]},&quot;&quot;,{&quot;operator&quot;:&quot;:&quot;,&quot;operands&quot;:[{&quot;operator&quot;:&quot;==&quot;,&quot;operands&quot;:[&quot;@currentField&quot;,&quot;&quot;]},&quot;&quot;,{&quot;operator&quot;:&quot;:&quot;,&quot;operands&quot;:[{&quot;operator&quot;:&quot;==&quot;,&quot;operands&quot;:[&quot;@currentField&quot;,&quot;Floor 4&quot;]},&quot;&quot;,{&quot;operator&quot;:&quot;:&quot;,&quot;operands&quot;:[{&quot;operator&quot;:&quot;==&quot;,&quot;operands&quot;:[&quot;@currentField&quot;,&quot;Floor 5&quot;]},&quot;&quot;,&quot;&quot;]}]}]}]}]}]}}},{&quot;elmType&quot;:&quot;span&quot;,&quot;style&quot;:{&quot;overflow&quot;:&quot;hidden&quot;,&quot;text-overflow&quot;:&quot;ellipsis&quot;,&quot;padding&quot;:&quot;0 3px&quot;},&quot;txtContent&quot;:&quot;@currentField&quot;,&quot;attributes&quot;:{&quot;class&quot;:{&quot;operator&quot;:&quot;:&quot;,&quot;operands&quot;:[{&quot;operator&quot;:&quot;==&quot;,&quot;operands&quot;:[&quot;@currentField&quot;,&quot;Floor 1&quot;]},&quot;sp-css-color-CornflowerBlueFont&quot;,{&quot;operator&quot;:&quot;:&quot;,&quot;operands&quot;:[{&quot;operator&quot;:&quot;==&quot;,&quot;operands&quot;:[&quot;@currentField&quot;,&quot;Floor 2&quot;]},&quot;sp-css-color-MintGreenFont&quot;,{&quot;operator&quot;:&quot;:&quot;,&quot;operands&quot;:[{&quot;operator&quot;:&quot;==&quot;,&quot;operands&quot;:[&quot;@currentField&quot;,&quot;Floor 3&quot;]},&quot;sp-css-color-GoldFont&quot;,{&quot;operator&quot;:&quot;:&quot;,&quot;operands&quot;:[{&quot;operator&quot;:&quot;==&quot;,&quot;operands&quot;:[&quot;@currentField&quot;,&quot;&quot;]},&quot;&quot;,{&quot;operator&quot;:&quot;:&quot;,&quot;operands&quot;:[{&quot;operator&quot;:&quot;==&quot;,&quot;operands&quot;:[&quot;@currentField&quot;,&quot;Floor 4&quot;]},&quot;sp-css-color-CoralFont&quot;,{&quot;operator&quot;:&quot;:&quot;,&quot;operands&quot;:[{&quot;operator&quot;:&quot;==&quot;,&quot;operands&quot;:[&quot;@currentField&quot;,&quot;Floor 5&quot;]},&quot;sp-css-color-DustRoseFont&quot;,&quot;&quot;]}]}]}]}]}]}}}]}],&quot;templateId&quot;:&quot;BgColorChoicePill&quot;}\\\" DisplayName=\\\"Floor\\\" FillInChoice=\\\"FALSE\\\" Format=\\\"Dropdown\\\" IsModern=\\\"TRUE\\\" Name=\\\"Floor\\\" Title=\\\"Floor\\\" Type=\\\"Choice\\\" ID=\\\"{d67c07c2-38fa-45b6-8c04-b0a6a33356c0}\\\" StaticName=\\\"Floor\\\"><CHOICES><CHOICE>Floor 1</CHOICE><CHOICE>Floor 2</CHOICE><CHOICE>Floor 3</CHOICE><CHOICE>Floor 4</CHOICE><CHOICE>Floor 5</CHOICE></CHOICES></Field>\"\r\n        },\r\n        {\r\n          \"verb\": \"addSPFieldXml\",\r\n          \"schemaXml\": \"<Field AppendOnly=\\\"FALSE\\\" DisplayName=\\\"deskImage\\\" Format=\\\"Dropdown\\\" IsModern=\\\"TRUE\\\" IsolateStyles=\\\"FALSE\\\" Name=\\\"deskImage\\\" RichText=\\\"FALSE\\\" RichTextMode=\\\"Compatible\\\" Title=\\\"deskImage\\\" Type=\\\"Note\\\" ID=\\\"{87d2d32e-9491-406e-97f3-fc9792f5cb62}\\\" StaticName=\\\"deskImage\\\" />\"\r\n        },\r\n        {\r\n          \"verb\": \"addSPFieldXml\",\r\n          \"schemaXml\": \"<Field CommaSeparator=\\\"TRUE\\\" CustomUnitOnRight=\\\"TRUE\\\" Decimals=\\\"0\\\" Description=\\\"1 is action, 0 is inactive\\\" DisplayName=\\\"Active\\\" Format=\\\"Dropdown\\\" IsModern=\\\"TRUE\\\" Name=\\\"Active\\\" Percentage=\\\"FALSE\\\" Required=\\\"TRUE\\\" Title=\\\"Active\\\" Type=\\\"Number\\\" Unit=\\\"None\\\" ID=\\\"{76ee3300-82db-4a2b-aaef-4fdd8d1c9054}\\\" StaticName=\\\"Active\\\"><Default>1</Default></Field>\"\r\n        },\r\n        {\r\n          \"verb\": \"addSPFieldXml\",\r\n          \"schemaXml\": \"<Field DisplayName=\\\"DeskIDNumber\\\" Format=\\\"Dropdown\\\" IsModern=\\\"TRUE\\\" MaxLength=\\\"255\\\" Name=\\\"DeskIDNumber\\\" Title=\\\"DeskIDNumber\\\" Type=\\\"Text\\\" ID=\\\"{8ba08b11-99fc-4bbc-9676-029e0f4c4a7a}\\\" StaticName=\\\"DeskIDNumber\\\" />\"\r\n        },\r\n        {\r\n          \"verb\": \"addSPFieldXml\",\r\n          \"schemaXml\": \"<Field AppendOnly=\\\"FALSE\\\" DisplayName=\\\"Description\\\" Format=\\\"Dropdown\\\" IsModern=\\\"TRUE\\\" IsolateStyles=\\\"FALSE\\\" Name=\\\"Description\\\" RichText=\\\"FALSE\\\" RichTextMode=\\\"Compatible\\\" Title=\\\"Description\\\" Type=\\\"Note\\\" ID=\\\"{50be2b6e-cd33-476f-b993-ec40886893b5}\\\" StaticName=\\\"Description\\\" />\"\r\n        },\r\n        {\r\n          \"verb\": \"addSPFieldXml\",\r\n          \"schemaXml\": \"<Field CustomFormatter=\\\"{&quot;elmType&quot;:&quot;div&quot;,&quot;style&quot;:{&quot;flex-wrap&quot;:&quot;wrap&quot;,&quot;display&quot;:&quot;flex&quot;},&quot;children&quot;:[{&quot;elmType&quot;:&quot;div&quot;,&quot;style&quot;:{&quot;box-sizing&quot;:&quot;border-box&quot;,&quot;padding&quot;:&quot;4px 8px 5px 8px&quot;,&quot;display&quot;:&quot;flex&quot;,&quot;border-radius&quot;:&quot;16px&quot;,&quot;height&quot;:&quot;24px&quot;,&quot;align-items&quot;:&quot;center&quot;,&quot;white-space&quot;:&quot;nowrap&quot;,&quot;overflow&quot;:&quot;hidden&quot;,&quot;margin&quot;:&quot;4px 4px 4px 4px&quot;},&quot;attributes&quot;:{&quot;class&quot;:{&quot;operator&quot;:&quot;:&quot;,&quot;operands&quot;:[{&quot;operator&quot;:&quot;==&quot;,&quot;operands&quot;:[&quot;@currentField&quot;,&quot;Executive Building&quot;]},&quot;sp-css-backgroundColor-BgCornflowerBlue&quot;,{&quot;operator&quot;:&quot;:&quot;,&quot;operands&quot;:[{&quot;operator&quot;:&quot;==&quot;,&quot;operands&quot;:[&quot;@currentField&quot;,&quot;Building 2&quot;]},&quot;sp-css-backgroundColor-BgMintGreen&quot;,{&quot;operator&quot;:&quot;:&quot;,&quot;operands&quot;:[{&quot;operator&quot;:&quot;==&quot;,&quot;operands&quot;:[&quot;@currentField&quot;,&quot;Building 3&quot;]},&quot;sp-css-backgroundColor-BgGold&quot;,{&quot;operator&quot;:&quot;:&quot;,&quot;operands&quot;:[{&quot;operator&quot;:&quot;==&quot;,&quot;operands&quot;:[&quot;@currentField&quot;,&quot;&quot;]},&quot;&quot;,&quot;sp-field-borderAllRegular sp-field-borderAllSolid sp-css-borderColor-neutralSecondary&quot;]}]}]}]}},&quot;children&quot;:[{&quot;elmType&quot;:&quot;span&quot;,&quot;style&quot;:{&quot;line-height&quot;:&quot;16px&quot;,&quot;height&quot;:&quot;14px&quot;},&quot;attributes&quot;:{&quot;iconName&quot;:{&quot;operator&quot;:&quot;:&quot;,&quot;operands&quot;:[{&quot;operator&quot;:&quot;==&quot;,&quot;operands&quot;:[&quot;@currentField&quot;,&quot;Executive Building&quot;]},&quot;&quot;,{&quot;operator&quot;:&quot;:&quot;,&quot;operands&quot;:[{&quot;operator&quot;:&quot;==&quot;,&quot;operands&quot;:[&quot;@currentField&quot;,&quot;Building 2&quot;]},&quot;&quot;,{&quot;operator&quot;:&quot;:&quot;,&quot;operands&quot;:[{&quot;operator&quot;:&quot;==&quot;,&quot;operands&quot;:[&quot;@currentField&quot;,&quot;Building 3&quot;]},&quot;&quot;,{&quot;operator&quot;:&quot;:&quot;,&quot;operands&quot;:[{&quot;operator&quot;:&quot;==&quot;,&quot;operands&quot;:[&quot;@currentField&quot;,&quot;&quot;]},&quot;&quot;,&quot;&quot;]}]}]}]},&quot;class&quot;:{&quot;operator&quot;:&quot;:&quot;,&quot;operands&quot;:[{&quot;operator&quot;:&quot;==&quot;,&quot;operands&quot;:[&quot;@currentField&quot;,&quot;Executive Building&quot;]},&quot;&quot;,{&quot;operator&quot;:&quot;:&quot;,&quot;operands&quot;:[{&quot;operator&quot;:&quot;==&quot;,&quot;operands&quot;:[&quot;@currentField&quot;,&quot;Building 2&quot;]},&quot;&quot;,{&quot;operator&quot;:&quot;:&quot;,&quot;operands&quot;:[{&quot;operator&quot;:&quot;==&quot;,&quot;operands&quot;:[&quot;@currentField&quot;,&quot;Building 3&quot;]},&quot;&quot;,{&quot;operator&quot;:&quot;:&quot;,&quot;operands&quot;:[{&quot;operator&quot;:&quot;==&quot;,&quot;operands&quot;:[&quot;@currentField&quot;,&quot;&quot;]},&quot;&quot;,&quot;&quot;]}]}]}]}}},{&quot;elmType&quot;:&quot;span&quot;,&quot;style&quot;:{&quot;overflow&quot;:&quot;hidden&quot;,&quot;text-overflow&quot;:&quot;ellipsis&quot;,&quot;padding&quot;:&quot;0 3px&quot;},&quot;txtContent&quot;:&quot;@currentField&quot;,&quot;attributes&quot;:{&quot;class&quot;:{&quot;operator&quot;:&quot;:&quot;,&quot;operands&quot;:[{&quot;operator&quot;:&quot;==&quot;,&quot;operands&quot;:[&quot;@currentField&quot;,&quot;Executive Building&quot;]},&quot;sp-css-color-CornflowerBlueFont&quot;,{&quot;operator&quot;:&quot;:&quot;,&quot;operands&quot;:[{&quot;operator&quot;:&quot;==&quot;,&quot;operands&quot;:[&quot;@currentField&quot;,&quot;Building 2&quot;]},&quot;sp-css-color-MintGreenFont&quot;,{&quot;operator&quot;:&quot;:&quot;,&quot;operands&quot;:[{&quot;operator&quot;:&quot;==&quot;,&quot;operands&quot;:[&quot;@currentField&quot;,&quot;Building 3&quot;]},&quot;sp-css-color-GoldFont&quot;,{&quot;operator&quot;:&quot;:&quot;,&quot;operands&quot;:[{&quot;operator&quot;:&quot;==&quot;,&quot;operands&quot;:[&quot;@currentField&quot;,&quot;&quot;]},&quot;&quot;,&quot;&quot;]}]}]}]}}}]}],&quot;templateId&quot;:&quot;BgColorChoicePill&quot;}\\\" DisplayName=\\\"Building\\\" FillInChoice=\\\"FALSE\\\" Format=\\\"Dropdown\\\" IsModern=\\\"TRUE\\\" Name=\\\"Building\\\" Title=\\\"Building\\\" Type=\\\"Choice\\\" ID=\\\"{70da387f-f9d4-4c5e-bf4a-8de219f742e4}\\\" StaticName=\\\"Building\\\"><CHOICES><CHOICE>Executive Building</CHOICE><CHOICE>Building 2</CHOICE><CHOICE>Building 3</CHOICE></CHOICES></Field>\"\r\n        },\r\n        {\r\n          \"verb\": \"addSPFieldXml\",\r\n          \"schemaXml\": \"<Field ID=\\\"{c042a256-787d-4a6f-8a8a-cf6ab767f12d}\\\" Type=\\\"Computed\\\" DisplayName=\\\"Content Type\\\" Name=\\\"ContentType\\\" DisplaceOnUpgrade=\\\"TRUE\\\" RenderXMLUsingPattern=\\\"TRUE\\\" Sortable=\\\"FALSE\\\" SourceID=\\\"http://schemas.microsoft.com/sharepoint/v3\\\" StaticName=\\\"ContentType\\\" Group=\\\"_Hidden\\\" PITarget=\\\"MicrosoftWindowsSharePointServices\\\" PIAttribute=\\\"ContentTypeID\\\" FromBaseType=\\\"TRUE\\\"><FieldRefs><FieldRef Name=\\\"ContentTypeId\\\" /></FieldRefs><DisplayPattern><MapToContentType><Column Name=\\\"ContentTypeId\\\" /></MapToContentType></DisplayPattern></Field>\"\r\n        },\r\n        {\r\n          \"verb\": \"addContentType\",\r\n          \"name\": \"Item\",\r\n          \"id\": \"0x01\",\r\n          \"fieldRefsXml\": [\r\n            \"<FieldRef ID=\\\"{c042a256-787d-4a6f-8a8a-cf6ab767f12d}\\\" Name=\\\"ContentType\\\" />\",\r\n            \"<FieldRef ID=\\\"{fa564e0f-0c70-4ab9-b863-0177e6ddd247}\\\" Name=\\\"Title\\\" Required=\\\"TRUE\\\" ShowInNewForm=\\\"TRUE\\\" ShowInEditForm=\\\"TRUE\\\" />\",\r\n            \"<FieldRef ID=\\\"{d67c07c2-38fa-45b6-8c04-b0a6a33356c0}\\\" Name=\\\"Floor\\\" />\",\r\n            \"<FieldRef ID=\\\"{87d2d32e-9491-406e-97f3-fc9792f5cb62}\\\" Name=\\\"deskImage\\\" />\",\r\n            \"<FieldRef ID=\\\"{76ee3300-82db-4a2b-aaef-4fdd8d1c9054}\\\" Name=\\\"Active\\\" Required=\\\"TRUE\\\" />\",\r\n            \"<FieldRef ID=\\\"{8ba08b11-99fc-4bbc-9676-029e0f4c4a7a}\\\" Name=\\\"DeskIDNumber\\\" />\",\r\n            \"<FieldRef ID=\\\"{50be2b6e-cd33-476f-b993-ec40886893b5}\\\" Name=\\\"Description\\\" />\",\r\n            \"<FieldRef ID=\\\"{70da387f-f9d4-4c5e-bf4a-8de219f742e4}\\\" Name=\\\"Building\\\" />\"\r\n          ]\r\n        },\r\n        {\r\n          \"verb\": \"addContentType\",\r\n          \"name\": \"Folder\",\r\n          \"id\": \"0x0120\"\r\n        },\r\n        {\r\n          \"verb\": \"addSPView\",\r\n          \"name\": \"All Items\",\r\n          \"viewFields\": [\r\n            \"LinkTitle\",\r\n            \"Floor\",\r\n            \"Active\",\r\n            \"DeskIDNumber\",\r\n            \"Description\",\r\n            \"Building\",\r\n            \"deskImage\"\r\n          ],\r\n          \"query\": \"\",\r\n          \"rowLimit\": 30,\r\n          \"isPaged\": true,\r\n          \"makeDefault\": true,\r\n          \"formatterJSON\": \"\",\r\n          \"replaceViewFields\": true\r\n        }\r\n      ]\r\n    }\r\n  ]\r\n}"}}},"Parse_JSON":{"runAfter":{"Compose":["Succeeded"]},"metadata":{"operationMetadataId":"454e3961-66d8-463f-b632-d23e03b19e8d"},"type":"ParseJson","inputs":{"content":"@outputs('Compose')?['d']?['GetSiteScriptFromList']","schema":{"type":"object","properties":{"d":{"type":"object","properties":{"GetSiteScriptFromList":{"type":"string"}}}}}}},"Send_an_HTTP_request_to_SharePoint":{"runAfter":{"Parse_JSON":["Succeeded"]},"metadata":{"operationMetadataId":"f4d4a863-ba89-4d61-aadc-fd7ad710daf9"},"type":"OpenApiConnection","inputs":{"host":{"apiId":"/providers/Microsoft.PowerApps/apis/shared_sharepointonline","connectionName":"shared_sharepointonline","operationId":"HttpRequest"},"parameters":{"dataset":"@triggerBody()['text']","parameters/method":"POST","parameters/uri":"_api/Microsoft.Sharepoint.Utilities.WebTemplateExtensions.SiteScriptUtility.ExecuteTemplateScript()","parameters/headers":{"accept":"application/json;odata=verbose","content-type":"application/json;odata=verbose"},"parameters/body":"{\"script\": \"{\\\"actions\\\":@{replace(replace(string(body('Parse_JSON')?['actions']),'\\','\\\\'),'\"','\\\"')}}\"}"},"authentication":"@parameters('$authentication')"}}}},"connectionReferences":{"shared_sharepointonline":{"connectionName":"shared-sharepointonl-56492db8-abda-4f45-8d97-de3b-62bcbd4f","source":"Embedded","id":"/providers/Microsoft.PowerApps/apis/shared_sharepointonline","tier":"NotSpecified"}},"flowFailureAlertSubscribed":false,"isManaged":false}}